{"General Saavedra 1247|Independencia": [-33.40913, -70.655505], "Av. Goycolea 720|La Cisterna": [-33.537465, -70.674466], "Amalia Errázuriz 956|Independencia": [-33.419998, -70.657233], "Aníbal Pinto 1270|Independencia": [-33.427079, -70.655396], "Concón 165|Estación Central": [-33.453072, -70.696468], "Fray Camilo Henríquez 320|Santiago": [-33.446102, -70.634878], "Carvajal 0358|La Cisterna": [-33.516392, -70.660659], "Toro Mazote 64|Estación Central": [-33.47065, -70.690456], "Llanquihue 6290|La Florida": [-33.514169, -70.610542], "Nicasio Retamales 115|Estación Central": [-33.455172, -70.688838], "Gaspar de Orense 897|Quinta Normal": [-33.442525, -70.700059], "General Mackenna 1490|Santiago": [-33.433184, -70.654488], "Coquimbo 777|Santiago": [-33.456392, -70.646758], "Av. Diego Portales 817|La Florida": [-33.562517, -70.576928], "Av Libertador Bernardo O'Higgins 4103|Estación Central": [-33.453686, -70.692582], "Conde del Maule 4106|Estación Central": [-33.453339, -70.692723], "Av. Almte. Blanco Encalada 2527|Santiago": null, "Av. Irarrázaval 5485|Ñuñoa": [-33.453533, -70.610085], "Conde del Maule 4470|Estación Central": [-33.45426, -70.696739], "Av. Padre Alberto Hurtado 145|Estación Central": [-33.461345, -70.68259], "Hipódromo Chile 1608|Independencia": [-33.407042, -70.662741], "Lia Aguirre 95|La Florida": [-33.522842, -70.602101], "Rivera 1370|Independencia": [-33.425721, -70.655928], "Coronel Souper 4060|Estación Central": [-33.457594, -70.690533], "Montau 1509|Independencia": [-33.403815, -70.662015], "Chiloé 1951|Santiago": [-33.471713, -70.645341], "Inglaterra 1144|Independencia": [-33.41247, -70.65522], "Av. Sta. Rosa 5740|San Miguel": [-33.477101, -70.642669], "Pintor Cicarelli 278|San Joaquín": [-33.47683, -70.635735], "Juan De Barros 3885|Quinta Normal": [-33.431414, -70.685782], "Santa Clara 360|La Cisterna": [-33.520314, -70.655404], "Toro Mazotte 110|Estación Central": [-33.456122, -70.691206], "Chacabuco 1120|Santiago": [-33.432519, -70.67967], "Radal 0102|Estación Central": [-33.455196, -70.701629], "Pablo Urzúa 1481|Independencia": [-33.40062, -70.661443], "Córdova y Figueroa 1144|Quinta Normal": [-33.432811, -70.693527], "Cruz 1275|Independencia": [-33.42454, -70.657264], "Av. Sta. Rosa 5741|San Miguel": [-33.477101, -70.642669], "Av. Santa Rosa 2648|San Joaquín": [-33.47978, -70.641528], "Gral. González Balcarce 2041|Santiago": null, "Av. Inglaterra 1280|Independencia": [-33.412461, -70.657262], "Av. Manuel Montt 2515|Ñuñoa": [-33.450722, -70.613188], "Av. Almte Blanco Encalada 2527|Santiago": null, "Avenida Vicuña Mackenna 1207|Santiago": [-33.457195, -70.629604], "Sta. Corina 100|La Cisterna": [-33.515038, -70.659687], "Independencia 1815|Independencia": [-33.402034, -70.665141], "Los Carrera 1131|Copiapó": null, "Coronel Souper 4158|Estación Central": [-33.457571, -70.691919], "Av. Sta. Rosa 5739|San Miguel": [-33.477101, -70.642669], "El Molino 1787|Independencia": [-33.418284, -70.665576], "Av. Portales 672|San Bernardo": [-33.596227, -70.698448], "San Martin 841|Santiago": [-33.4337, -70.65874], "Toro Mazote 76|Estación Central": [-33.47065, -70.690456], "Fernandez Albano 492|La Cisterna": [-33.524968, -70.652817], "Av. Ecuador 4578|Estación Central": [-33.453776, -70.699088], "Av. Pedro Nolasco Videla 810|Coquimbo": null, "Argomedo 65|Santiago": [-33.448996, -70.632778], "Mac Iver 524|Santiago": [-33.436664, -70.647377], "San Francisco 265|Santiago": [-33.44783, -70.647119], "Cóndor 1107|Santiago": [-33.450408, -70.65038], "Porto Seguro 4210|Estación Central": [-33.447788, -70.696179], "Sta. Petronila 28|Estación Central": [-33.454284, -70.704864], "Av. Rodrigo de Araya 2836|Ñuñoa": [-33.473771, -70.602249], "Apóstol Santiago 32|Estación Central": [-33.451222, -70.693025], "Antonio Ricaurte 317|Santiago": [-33.450664, -70.635413], "Eleuterio Ramírez 1331|Santiago": [-33.449905, -70.653487], "Matucana 1161|Santiago": [-33.44174, -70.679778], "María Rozas Velásquez 55|Estación Central": [-33.454097, -70.705665], "Santo Domingo 3905|Quinta Normal": [-33.438902, -70.688524], "San Petersburgo 6351|San Miguel": [-33.515012, -70.647185], "Av. Padre Alberto Hurtado 59|Estación Central": null, "Av. Independencia 740|Independencia": [-33.431486, -70.652877], "Radal 66|Estación Central": [-33.453893, -70.701903], "María Auxiliadora 721|San Miguel": [-33.488675, -70.645628], "Santo Domingo 1161|Santiago": [-33.436161, -70.653686], "Mensia de Los Nidos 1111|Santiago": [-33.450922, -70.651001], "Villasana 1451|Quinta Normal": [-33.426173, -70.687523], "Martinez de Rozas 3550|Quinta Normal": [-33.434807, -70.683215], "Pje Titán 4870|Estación Central": null, "Mario Kreutzberger 1520|Santiago": [-33.435917, -70.658941], "Diag. Sta. Elena 2605|San Joaquín": [-33.476112, -70.626958], "Serrano 266|Santiago": [-33.44815, -70.648531], "Av. Macul 2301|Macul": [-33.475575, -70.599005], "Santa Elena 1760|Santiago": [-33.466972, -70.627928], "Tarapaca 1331|Santiago": [-33.447673, -70.653474], "Av. Sta. Rosa 5738|San Miguel": [-33.477101, -70.642669], "Eleuterio Ramírez 1024|Santiago": [-33.449167, -70.6497], "Conde del Maule 4364|Estación Central": [-33.454092, -70.695797], "Av. Ecuador 3866|Estación Central": [-33.45127, -70.689582], "Vicuña Mackenna 1725|Santiago": [-33.466406, -70.626939], "Patricio Lynch 1650|Quinta Normal": [-33.433795, -70.681598], "Mario Kreutzberger 1558|Santiago": [-33.435944, -70.659488], "Santa Victoria 562|Santiago": [-33.449027, -70.642919], "Cuarta Avenida 1350|San Miguel": [-33.506154, -70.661006], "Hipódromo Chile 1876|Independencia": [-33.40665, -70.667078], "Jose Manuel Balmaceda 3751 (Apostol) Torre-B|Renca": null, "Sgto. Aldea 1156|Santiago": null, "Curiñanca 715|San Miguel": [-33.490444, -70.641875], "Vargas Buston 770|San Miguel": [-33.509056, -70.648564], "Av. Ecuador 5079|Estación Central": [-33.454813, -70.703955], "Colón 6479|La Cisterna": [-33.525349, -70.670699], "Los Olmos 4587|Macul": [-33.48018, -70.583614], "Sta. Elisa 490|La Cisterna": [-33.519627, -70.653588], "Leonor Cepeda 952|Independencia": [-33.419824, -70.659839], "Av. Américo Vespucio 4601|Macul": [-33.509347, -70.590515], "General Gana 1063|Santiago": [-33.470907, -70.647837], "Primera Avenida 1478|San Miguel": [-33.502799, -70.661804], "San Diego 1499|Santiago": [-33.45302, -70.650193], "Av. Manuel Rodríguez 881|Santiago": [-33.446245, -70.66074], "Nueva Andres Bello 1890|Independencia": null, "Vicuña Mackenna 1751|Santiago": [-33.466693, -70.626857], "El Molino 1755|Independencia": [-33.418203, -70.664555], "Gaspar de Orense 828|Quinta Normal": [-33.443508, -70.700276], "Briones Luco 0957|La Cisterna": [-33.515346, -70.661671], "Zenteno 1490|Santiago": [-33.465929, -70.649754], "San Martín 714|Santiago": [-33.435535, -70.658696], "San Pablo 4025|Quinta Normal": [-33.437514, -70.689465], "Placilla 149|Estación Central": [-33.457004, -70.69426], "Eyzaguirre 782|Santiago": [-33.452094, -70.646198], "Nicasio Retamales 048 058|Estación Central": [-33.451417, -70.689933], "Av. Portugal 941|Santiago": [-33.454491, -70.633831], "Rosas 2999|Santiago": [-33.437076, -70.676732], "Av. María Rozas Velásquez 65|Estación Central": [-33.453459, -70.705757], "Domingo Sta. María 2565|Independencia": [-33.416036, -70.660729], "Toro Mazotte 76|Estación Central": [-33.455381, -70.691517], "Leonidas Valenzuela 1270|Valparaíso": null, "Juan de Barros 3885|Quinta Normal": [-33.431414, -70.685782], "Padre José Cifuentes Grez 864|Independencia": [-33.42217, -70.661365], "Av. Lo Espejo 01173|La Cisterna": [-33.540178, -70.682562], "Sta Clara 360|La Cisterna": [-33.520314, -70.655404], "San Isidro 96|Santiago": [-33.444524, -70.644331], "Av. José Joaquín Pérez 9580|Pudahuel": [-33.424405, -70.775939], "Barros Arana 408|San Bernardo": [-33.593373, -70.698706], "Zañartu 1100|Ñuñoa": [-33.472505, -70.60432], "Conde del Maule 4642|Estación Central": [-33.45525, -70.700533], "San Francisco 242|Santiago": [-33.454472, -70.646346],