{"Zañartu 1111|Ñuñoa": [-33.472505, -70.60432], "Copiapó 801|Antofagasta": [-23.653159, -70.398449], "Manuel Antonio Tocornal 670|Santiago": [-33.451817, -70.639452], "Avenida Vicuña Mackenna 1796|Ñuñoa": [-33.466973, -70.625758], "Avenida Santa Isabel 360|Santiago": [-33.448875, -70.637522], "Avenida Santa Rosa 250|Santiago": [-33.447128, -70.64471], "San Diego 2381|Santiago": [-33.463645, -70.648883], "Bellavista 7150|La Florida": [-33.51882, -70.601192], "Froilán Roa 5746|La Florida": [-33.512134, -70.601319], "Los Alerces 3254|Ñuñoa": [-33.47093, -70.597493], "Av. Cinco 2951|Cerrillos": [-33.50234, -70.715842], "Avenida Vicuña Mackenna 7589|La Florida": [-33.568469, -70.58408], "Av. Fermín Vivaceta 864|Independencia": [-33.422297, -70.662741], "Diagonal Paraguay 240|Santiago": [-33.442882, -70.636923], "Camino los Ingleses 715|Valparaiso": [-33.055168, -71.589298], "Abdón Cifuentes 90|Santiago": [-33.449315, -70.665756], "Avenida Manuel Rodríguez 701|Santiago": [-33.446245, -70.66074], "Avenida Vicuña Mackenna poniente 6988|La Florida": [-33.517272, -70.605041], "Ecuador 420|Estacion Central": [-33.45101, -70.682043], "Esmeralda 6540|La Cisterna": [-33.517322, -70.656317], "Vicuña Mackenna 7630|La Florida": [-33.559364, -70.587749], "El Aromo 6725|La Florida": [-33.531303, -70.561316], "Brasil 1290|Santiago": [-33.536157, -70.586003], "Avenida España 422|Santiago": [-33.454031, -70.66911], "Av Manuel Antonia Matta 16|Santiago": [-33.45827, -70.643077], "Sin Informacion|Valparaiso": [-33.127419, -71.569655], "Oficial Agustín Almarza 126|Rancagua": [-34.167906, -70.732917], "General Mackenna 1133|Temuco": [-38.739993, -72.586727], "Coronel Alvarado 2505|Independencia": [-33.404799, -70.673213], "Mapocho 3935|Quinta Normal": [-33.432341, -70.688911], "Pintor Cicarelli 288|San Joaquín": [-33.47683, -70.635735], "Pintor Cicarelli 268|San Joaquín": [-33.47683, -70.635735], "Chile España 8141|La Cisterna": [-33.526589, -70.672652], "Américo Vespucio 1456|Quilicura": [-33.37148, -70.708486], "Serrano 53|Puerto Montt": [-33.514844, -70.61037], "Av. Lo Espejo 01173|La Cisterna": [-33.539127, -70.685264], "Juana Atala De Hirmas 601|Renca": [-33.42186, -70.677109], "Las Heras Poniente 77|Concepción": [-33.51739, -70.753809], "Francisco Bilbao 85|Puerto Montt": [-41.472637, -72.928221], "Baquedano 802|Coquimbo": [-29.95038, -71.283334], "0|Chillan": [-33.53738, -70.60227], "Pedro de la Barra 1732|Santiago": [-33.433876, -70.662132], "Coronel Souper 4438|Estacion Central": [-33.458518, -70.695435], "Guillermo Mann 1751|Ñuñoa": [-33.470992, -70.616154], "Calle 19 de junio 1571|Viña del Mar": [-33.030468, -71.542541], "Av. Lo Espejo 145|La Cisterna": [-33.540178, -70.682562], "Castillo Urizar 1845|Ñuñoa": [-33.471981, -70.610398], "Trinidad Ramirez 24|La Cisterna": [-33.538986, -70.682341], "Lia Aguirre 155|La Florida": [-33.522865, -70.606907], "Av. Blanca Estela 2239|Concon": [-33.515969, -70.675901], "Sendero Norte 50|Viña del Mar": [-33.039252, -71.556145], "Isidoro Errazuriz 2315|Independencia": [-33.405598, -70.670079], "Avenida Ossa 480|La Cisterna": [-33.537229, -70.670793], "Avenida Vicuña Mackenna 8597|La Florida": [-33.567016, -70.58435], "Avenida Rodrigo de Araya 1600|Ñuñoa": [-33.474171, -70.616149], "Avenida Irarrazaval 2366|Ñuñoa": [-33.453459, -70.606271], "Cueto 1218|Santiago": [-33.437892, -70.672676], "Av. Siete 2965|Cerrillos": [-33.50234, -70.715842], "Buzeta 3944|Cerrillos": [-33.479284, -70.68758], "Avenida España 333|Santiago": [-33.453193, -70.669848], "Ladislao Errázuriz 2057|Providencia": [-33.431954, -70.60833], "Av. Manuel Antonio Matta 725|Santiago": [-33.458227, -70.643886], "Fuenzalida Urrejola 303|La Cisterna": [-33.517419, -70.655169], "Macul 2320|Macul": [-33.50085, -70.595967], "Jose Miguel Carrera 608|Santiago": [-33.549982, -70.580093], "mapocho 2880|Santiago": [-33.432662, -70.67604], "Alonso de Ercilla 7698|La Florida": [-33.515287, -70.591], "Gastón Despouy 8773|La Cisterna": [-33.536875, -70.66324], "Arturo Prat 376|Santiago": [-33.449908, -70.649139], "Lincoyán 1001|Ñuñoa": [-33.452946, -70.620424], "Marín 443|Santiago": [-33.447182, -70.640851], "Toesca 2145|Santiago": [-33.453977, -70.664905], "Av. Santa Leonor 741|Padre Hurtado": [-33.561478, -70.808554], "#N/A|#N/A": [-34.161113, -70.713608]}